Trial,Subject,Color,Stimulus,Area of Interest,AOI Group,AOI Scope,AOI Order,AOI Size [px],AOI Coverage [%],Start Time [ms],End Time [ms],Entry Time [ms],Sequence,Net Dwell Time [ms],Dwell Time [ms],Glance Duration [ms],Diversion Duration [ms],First Fixation Duration [ms],Glances Count,Revisits,Fixation Count,Appearance Count,Visible Time [ms],Visible Time [%],Net Dwell Time [%],Dwell Time [%],Fixation Time [ms],Fixation Time [%],Time to First Mouse Click [ms],
Trial005,P34,Coral,rl.avi,speaker 2,,Local,1,259346,12.5,0,111174,60286.4,127,1262.8,1059.2,1245.8,1393.7,316.2,2.0,1.0,4.0,1.0,32006.0,28.8,1.1,1.0,849.4,0.8,-,
Trial005,P35,CornflowerBlue,rl.avi,speaker 2,,Local,1,259346,12.5,0,111212,71892.6,136,1591.5,1345.7,1471.0,1559.0,157.9,1.0,0.0,5.0,1.0,32006.0,28.8,1.4,1.2,1134.8,1.0,-,
Trial006,P36,Crimson,rl.avi,speaker 2,,Local,1,259346,12.5,0,111146,64705.4,133,332.4,275.9,356.0,424.0,158.4,1.0,0.0,2.0,1.0,32006.0,28.8,0.3,0.2,246.4,0.2,-,
Trial005,P37,Cyan,rl.avi,speaker 2,,Local,1,259346,12.5,0,111115,45936.7,113,307.7,256.0,324.0,324.0,256.0,1.0,0.0,1.0,1.0,32006.0,28.8,0.3,0.2,256.0,0.2,-,
Trial006,P38,DarkBlue,rl.avi,speaker 2,,Local,1,259346,12.5,0,110970,45816.9,112,590.4,496.0,671.8,883.8,131.8,3.0,2.0,3.0,1.0,32006.0,28.8,0.5,0.4,496.0,0.4,-,
Trial005,P39,DarkCyan,rl.avi,speaker 2,,Local,1,259346,12.5,0,111010,42901.5,108,815.5,635.9,806.7,942.7,188.0,3.0,2.0,3.0,1.0,32006.0,28.8,0.7,0.6,635.9,0.6,-,
Trial006,P40,DarkGoldenrod,rl.avi,speaker 2,,Local,1,259346,12.5,0,111173,50187.4,116,1247.3,1136.0,1303.8,1491.6,260.1,3.0,2.0,3.0,1.0,32006.0,28.8,1.1,1.0,1136.0,1.0,-,
Trial005,P34,Coral,rl.avi,speaker 1,,Local,2,248043,12.0,0,111174,59146.6,126,2564.4,1747.5,2183.2,2365.9,627.9,3.0,2.0,6.0,1.0,32006.0,28.8,2.3,1.6,1584.0,1.4,-,
Trial005,P35,CornflowerBlue,rl.avi,speaker 1,,Local,2,248043,12.0,0,111212,42887.2,107,2664.7,2281.5,2666.4,3017.8,148.0,5.0,4.0,7.0,1.0,32006.0,28.8,2.4,2.1,2153.6,1.9,-,
Trial006,P36,Crimson,rl.avi,speaker 1,,Local,2,248043,12.0,0,111146,63213.6,131,957.4,927.9,971.9,1019.7,927.9,1.0,0.0,1.0,1.0,32006.0,28.8,0.9,0.8,927.9,0.8,-,
Trial005,P37,Cyan,rl.avi,speaker 1,,Local,2,248043,12.0,0,111115,45004.9,110,1847.3,1418.6,1881.2,2237.6,328.0,4.0,3.0,6.0,1.0,32006.0,28.8,1.7,1.3,1346.6,1.2,-,
Trial006,P38,DarkBlue,rl.avi,speaker 1,,Local,2,248043,12.0,0,110970,48636.4,114,1044.9,719.9,919.9,1043.8,95.9,2.0,1.0,3.0,1.0,32006.0,28.8,0.9,0.6,679.9,0.6,-,
Trial005,P39,DarkCyan,rl.avi,speaker 1,,Local,2,248043,12.0,0,111010,45133.2,111,2913.9,2683.7,3036.4,3436.5,208.0,6.0,5.0,9.0,1.0,32006.0,28.8,2.6,2.4,2556.9,2.3,-,
Trial006,P40,DarkGoldenrod,rl.avi,speaker 1,,Local,2,248043,12.0,0,111173,48959.8,115,1848.0,1779.6,1871.7,1995.7,875.8,2.0,1.0,2.0,1.0,32006.0,28.8,1.7,1.6,1779.6,1.6,-,
Trial005,P34,Coral,rl.avi,brown toy,,Local,3,126681,6.1,0,111174,3847.5,34,7042.1,6277.8,6630.0,7095.9,200.1,8.0,7.0,12.0,1.0,39216.0,35.3,6.3,5.6,6054.2,5.4,-,
Trial005,P35,CornflowerBlue,rl.avi,brown toy,,Local,3,126681,6.1,0,111212,18907.0,76,9041.8,8866.8,9039.5,9344.9,971.8,5.0,4.0,8.0,1.0,39216.0,35.3,8.1,8.0,8694.0,7.8,-,
Trial006,P36,Crimson,rl.avi,brown toy,,Local,3,126681,6.1,0,111146,27503.3,93,7811.9,7614.1,7694.8,7771.5,711.9,2.0,1.0,9.0,1.0,39216.0,35.3,7.0,6.9,7343.4,6.6,-,
Trial005,P37,Cyan,rl.avi,brown toy,,Local,3,126681,6.1,0,111115,3707.5,32,15570.1,3721.5,4059.4,4322.1,367.8,3.0,2.0,4.0,1.0,39216.0,35.3,14.0,3.3,3677.4,3.3,-,
Trial006,P38,DarkBlue,rl.avi,brown toy,,Local,3,126681,6.1,0,110970,9298.5,58,12040.3,11616.8,12071.1,12677.5,2271.6,8.0,7.0,14.0,1.0,39216.0,35.3,10.9,10.5,11309.4,10.2,-,
Trial005,P39,DarkCyan,rl.avi,brown toy,,Local,3,126681,6.1,0,111010,714.1,23,6817.5,6970.9,7312.8,7832.6,83.9,10.0,9.0,18.0,1.0,39216.0,35.3,6.1,6.3,6649.7,6.0,-,
Trial006,P40,DarkGoldenrod,rl.avi,brown toy,,Local,3,126681,6.1,0,111173,5083.1,40,9422.1,8885.8,9234.0,9738.0,1687.8,8.0,7.0,13.0,1.0,39216.0,35.3,8.5,8.0,8684.7,7.8,-,
Trial005,P34,Coral,rl.avi,green toy,,Local,4,93726,4.5,0,111174,3323.5,30,299.8,272.0,332.0,404.0,272.0,1.0,0.0,1.0,1.0,39216.0,35.3,0.3,0.2,272.0,0.2,-,
Trial005,P35,CornflowerBlue,rl.avi,green toy,,Local,4,93726,4.5,0,111212,9420.5,59,349.8,312.0,379.5,455.5,148.0,1.0,0.0,2.0,1.0,39216.0,35.3,0.3,0.3,264.0,0.2,-,
Trial006,P36,Crimson,rl.avi,green toy,,Local,4,93726,4.5,0,111146,-,-,0.0,0.0,0.0,0.0,0.0,0.0,-,0.0,1.0,39216.0,35.3,0.0,0.0,0.0,0.0,-,
Trial005,P37,Cyan,rl.avi,green toy,,Local,4,93726,4.5,0,111115,-,-,0.0,0.0,0.0,0.0,0.0,0.0,-,0.0,1.0,39216.0,35.3,0.0,0.0,0.0,0.0,-,
Trial006,P38,DarkBlue,rl.avi,green toy,,Local,4,93726,4.5,0,110970,8762.8,56,739.7,599.6,797.4,945.5,427.7,2.0,1.0,2.0,1.0,39216.0,35.3,0.7,0.5,599.6,0.5,-,
Trial005,P39,DarkCyan,rl.avi,green toy,,Local,4,93726,4.5,0,111010,8851.1,57,235.9,220.5,280.6,352.1,220.5,1.0,0.0,1.0,1.0,39216.0,35.3,0.2,0.2,220.5,0.2,-,
Trial006,P40,DarkGoldenrod,rl.avi,green toy,,Local,4,93726,4.5,0,111173,-,-,0.0,0.0,0.0,0.0,0.0,0.0,-,0.0,1.0,39216.0,35.3,0.0,0.0,0.0,0.0,-,
Trial005,P34,Coral,rl.avi,leg 1,,Local,5,39328,1.9,0,111174,6587.0,46,6497.9,5319.0,5869.4,6165.4,288.1,7.0,6.0,11.0,3.0,101893.0,91.7,5.8,4.8,5155.8,4.6,-,
Trial005,P35,CornflowerBlue,rl.avi,leg 1,,Local,5,39328,1.9,0,111212,8292.8,52,5395.6,4635.9,5362.5,5822.0,320.1,10.0,9.0,10.0,3.0,101893.0,91.6,4.9,4.2,4595.9,4.1,-,
Trial006,P36,Crimson,rl.avi,leg 1,,Local,5,39328,1.9,0,111146,6615.3,47,4790.8,3307.0,3716.2,4009.2,99.3,9.0,8.0,12.0,3.0,101893.0,91.7,4.3,3.0,2829.8,2.5,-,
Trial005,P37,Cyan,rl.avi,leg 1,,Local,5,39328,1.9,0,111115,4823.4,37,6581.2,5109.5,5715.0,6381.2,415.9,11.0,10.0,11.0,3.0,101893.0,91.7,5.9,4.6,5109.5,4.6,-,
Trial006,P38,DarkBlue,rl.avi,leg 1,,Local,5,39328,1.9,0,110970,17481.2,73,2931.1,2809.2,3152.7,3520.9,128.0,9.0,8.0,11.0,3.0,101893.0,91.8,2.6,2.5,2748.7,2.5,-,
Trial005,P39,DarkCyan,rl.avi,leg 1,,Local,5,39328,1.9,0,111010,17421.6,72,10677.7,7407.9,8185.0,8775.0,424.7,13.0,12.0,14.0,3.0,101893.0,91.8,9.6,6.7,7371.4,6.6,-,
Trial006,P40,DarkGoldenrod,rl.avi,leg 1,,Local,5,39328,1.9,0,111173,559.9,21,7165.4,6342.7,6633.5,6985.4,283.9,8.0,7.0,8.0,3.0,101893.0,91.7,6.4,5.7,6342.7,5.7,-,
Trial005,P34,Coral,rl.avi,leg 2,,Local,6,32105,1.5,0,111174,320.0,14,16071.3,16672.1,17351.9,18281.0,224.0,20.0,19.0,28.0,3.0,101893.0,91.7,14.5,15.0,16272.7,14.6,-,
Trial005,P35,CornflowerBlue,rl.avi,leg 2,,Local,6,32105,1.5,0,111212,4981.5,39,11953.6,12363.4,13410.8,14198.8,395.7,18.0,17.0,22.0,3.0,101893.0,91.6,10.7,11.1,12051.4,10.8,-,
Trial006,P36,Crimson,rl.avi,leg 2,,Local,6,32105,1.5,0,111146,4954.8,38,9990.9,9565.9,10165.9,10768.2,108.0,19.0,18.0,23.0,3.0,101893.0,91.7,9.0,8.6,9361.2,8.4,-,
Trial005,P37,Cyan,rl.avi,leg 2,,Local,6,32105,1.5,0,111115,5315.5,42,15103.5,25435.5,26277.8,27115.0,327.7,14.0,13.0,21.0,3.0,101893.0,91.7,13.6,22.9,25008.8,22.5,-,
Trial006,P38,DarkBlue,rl.avi,leg 2,,Local,6,32105,1.5,0,110970,6346.9,45,12499.1,12339.8,13262.9,14043.4,164.1,20.0,19.0,24.0,3.0,101893.0,91.8,11.3,11.1,12163.8,11.0,-,
Trial005,P39,DarkCyan,rl.avi,leg 2,,Local,6,32105,1.5,0,111010,5575.7,43,10977.4,13768.2,14439.9,15210.4,251.8,19.0,18.0,24.0,3.0,101893.0,91.8,9.9,12.4,13583.7,12.2,-,
Trial006,P40,DarkGoldenrod,rl.avi,leg 2,,Local,6,32105,1.5,0,111173,17884.9,74,4779.6,3208.1,3463.6,3683.5,280.1,6.0,5.0,6.0,3.0,101893.0,91.7,4.3,2.9,3163.6,2.8,-,
Trial005,P34,Coral,rl.avi,hand 2,,Local,7,17196,0.8,0,111174,67133.3,135,1947.4,2111.2,2280.9,2524.5,496.0,4.0,3.0,5.0,3.0,101893.0,91.7,1.8,1.9,2067.2,1.9,-,
Trial005,P35,CornflowerBlue,rl.avi,hand 2,,Local,7,17196,0.8,0,111212,286.0,11,6414.2,4920.7,5604.8,6058.9,121.2,10.0,9.0,13.0,3.0,101893.0,91.6,5.8,4.4,4806.3,4.3,-,
Trial006,P36,Crimson,rl.avi,hand 2,,Local,7,17196,0.8,0,111146,91669.1,138,820.9,360.0,388.0,432.0,360.0,1.0,0.0,1.0,3.0,101893.0,91.7,0.7,0.3,360.0,0.3,-,
Trial005,P37,Cyan,rl.avi,hand 2,,Local,7,17196,0.8,0,111115,18949.2,77,3112.8,1603.6,1715.6,1783.6,251.8,2.0,1.0,2.0,3.0,101893.0,91.7,2.8,1.4,1603.6,1.4,-,
Trial006,P38,DarkBlue,rl.avi,hand 2,,Local,7,17196,0.8,0,110970,61374.3,129,3195.1,3180.9,3512.8,3957.8,124.0,10.0,9.0,10.0,3.0,101893.0,91.8,2.9,2.9,3140.7,2.8,-,
Trial005,P39,DarkCyan,rl.avi,hand 2,,Local,7,17196,0.8,0,111010,67069.7,134,4873.5,3649.8,4085.7,4389.5,675.9,9.0,8.0,13.0,3.0,101893.0,91.8,4.4,3.3,3471.5,3.1,-,
Trial006,P40,DarkGoldenrod,rl.avi,hand 2,,Local,7,17196,0.8,0,111173,29195.0,97,1615.4,2295.4,2483.4,2751.4,228.0,7.0,6.0,7.0,3.0,101893.0,91.7,1.5,2.1,2295.4,2.1,-,
Trial005,P34,Coral,rl.avi,arm 2,,Local,8,14044,0.7,0,111174,18361.3,75,6226.9,6007.3,6279.8,6640.6,667.8,6.0,5.0,6.0,3.0,101893.0,91.7,5.6,5.4,6007.3,5.4,-,
Trial005,P35,CornflowerBlue,rl.avi,arm 2,,Local,8,14044,0.7,0,111212,55541.0,118,1490.9,1352.1,1352.1,1528.0,100.3,4.0,3.0,4.0,3.0,101893.0,91.6,1.3,1.2,1352.1,1.2,-,
Trial006,P36,Crimson,rl.avi,arm 2,,Local,8,14044,0.7,0,111146,9850.0,61,899.7,4035.4,4174.1,4299.3,56.0,4.0,3.0,4.0,3.0,101893.0,91.7,0.8,3.6,4035.4,3.6,-,
Trial005,P37,Cyan,rl.avi,arm 2,,Local,8,14044,0.7,0,111115,-,-,727.6,0.0,63.9,63.9,0.0,0.0,-,0.0,3.0,101893.0,91.7,0.7,0.0,0.0,0.0,-,
Trial006,P38,DarkBlue,rl.avi,arm 2,,Local,8,14044,0.7,0,110970,87630.0,137,1408.6,1652.5,1856.3,1955.5,1568.5,2.0,1.0,2.0,3.0,101893.0,91.8,1.3,1.5,1652.5,1.5,-,
Trial005,P39,DarkCyan,rl.avi,arm 2,,Local,8,14044,0.7,0,111010,63366.4,132,539.7,347.7,347.7,411.9,135.8,2.0,1.0,2.0,3.0,101893.0,91.8,0.5,0.3,347.7,0.3,-,
Trial006,P40,DarkGoldenrod,rl.avi,arm 2,,Local,8,14044,0.7,0,111173,6866.7,48,611.9,788.1,884.0,935.9,116.1,2.0,1.0,2.0,3.0,101893.0,91.7,0.6,0.7,788.1,0.7,-,
Trial005,P34,Coral,rl.avi,hand 1,,Local,9,16891,0.8,0,111174,25548.0,90,2736.7,1515.9,1679.7,1815.8,372.0,4.0,3.0,4.0,3.0,101893.0,91.7,2.5,1.4,1468.0,1.3,-,
Trial005,P35,CornflowerBlue,rl.avi,hand 1,,Local,9,16891,0.8,0,111212,31601.0,102,4069.7,3044.5,3356.2,3592.0,132.0,5.0,4.0,5.0,3.0,101893.0,91.6,3.7,2.7,3003.4,2.7,-,
Trial006,P36,Crimson,rl.avi,hand 1,,Local,9,16891,0.8,0,111146,30439.4,99,7389.5,8214.0,8512.0,8730.0,343.6,7.0,6.0,13.0,3.0,101893.0,91.7,6.6,7.4,8067.2,7.3,-,
Trial005,P37,Cyan,rl.avi,hand 1,,Local,9,16891,0.8,0,111115,107195.0,139,7032.1,603.8,671.8,735.9,305.6,1.0,0.0,2.0,3.0,101893.0,91.7,6.3,0.5,549.6,0.5,-,
Trial006,P38,DarkBlue,rl.avi,hand 1,,Local,9,16891,0.8,0,110970,30719.1,100,6690.0,5983.0,6188.3,6336.2,332.8,4.0,3.0,7.0,3.0,101893.0,91.8,6.0,5.4,5745.0,5.2,-,
Trial005,P39,DarkCyan,rl.avi,hand 1,,Local,9,16891,0.8,0,111010,28235.9,94,7105.5,8257.1,8614.2,9059.3,536.0,9.0,8.0,17.0,3.0,101893.0,91.8,6.4,7.4,8012.1,7.2,-,
Trial006,P40,DarkGoldenrod,rl.avi,hand 1,,Local,9,16891,0.8,0,111173,28451.2,95,3215.3,1995.8,2199.7,2416.2,164.0,5.0,4.0,6.0,3.0,101893.0,91.7,2.9,1.8,1967.8,1.8,-,
Trial005,P34,Coral,rl.avi,arm 1,,Local,10,15076,0.7,0,111174,60922.4,128,223.9,323.9,323.9,359.9,323.9,1.0,0.0,1.0,3.0,101893.0,91.7,0.2,0.3,323.9,0.3,-,
Trial005,P35,CornflowerBlue,rl.avi,arm 1,,Local,10,15076,0.7,0,111212,-,-,86.1,0.0,64.0,64.0,0.0,0.0,-,0.0,3.0,101893.0,91.6,0.1,0.0,0.0,0.0,-,
Trial006,P36,Crimson,rl.avi,arm 1,,Local,10,15076,0.7,0,111146,57342.4,121,403.3,360.7,424.6,499.6,136.0,2.0,1.0,2.0,3.0,101893.0,91.7,0.4,0.3,360.7,0.3,-,
Trial005,P37,Cyan,rl.avi,arm 1,,Local,10,15076,0.7,0,111115,-,-,152.7,0.0,0.0,0.0,0.0,0.0,-,0.0,3.0,101893.0,91.7,0.1,0.0,0.0,0.0,-,
Trial006,P38,DarkBlue,rl.avi,arm 1,,Local,10,15076,0.7,0,110970,21516.5,83,264.9,105.3,105.3,128.2,105.3,1.0,0.0,1.0,3.0,101893.0,91.8,0.2,0.1,105.3,0.1,-,
Trial005,P39,DarkCyan,rl.avi,arm 1,,Local,10,15076,0.7,0,111010,-,-,503.2,0.0,56.0,56.0,0.0,0.0,-,0.0,3.0,101893.0,91.8,0.5,0.0,0.0,0.0,-,
Trial006,P40,DarkGoldenrod,rl.avi,arm 1,,Local,10,15076,0.7,0,111173,-,-,160.8,0.0,56.3,56.3,0.0,0.0,-,0.0,3.0,101893.0,91.7,0.1,0.0,0.0,0.0,-,
Trial005,P34,Coral,rl.avi,head,,Local,11,29274,1.4,0,111174,8310.8,53,14813.0,14931.0,15732.7,16287.3,479.9,14.0,13.0,20.0,3.0,101893.0,91.7,13.3,13.4,14439.3,13.0,-,
Trial005,P35,CornflowerBlue,rl.avi,head,,Local,11,29274,1.4,0,111212,4505.4,35,21251.6,19890.3,21490.4,23068.1,412.3,31.0,30.0,35.0,3.0,101893.0,91.6,19.1,17.9,19627.2,17.6,-,
Trial006,P36,Crimson,rl.avi,head,,Local,11,29274,1.4,0,111146,379.5,18,42087.2,37631.6,38730.5,39707.0,144.0,29.0,28.0,47.0,3.0,101893.0,91.7,37.9,33.9,36708.0,33.0,-,
Trial005,P37,Cyan,rl.avi,head,,Local,11,29274,1.4,0,111115,56.1,5,24395.6,21846.0,23028.2,24532.7,152.5,20.0,19.0,28.0,3.0,101893.0,91.7,22.0,19.7,21296.0,19.2,-,
Trial006,P38,DarkBlue,rl.avi,head,,Local,11,29274,1.4,0,110970,3.2,2,34383.8,39426.9,40937.2,42619.7,65.3,36.0,35.0,67.0,3.0,101893.0,91.8,31.0,35.5,38507.0,34.7,-,
Trial005,P39,DarkCyan,rl.avi,head,,Local,11,29274,1.4,0,111010,0.6,1,9953.6,10371.4,11363.7,12149.9,215.7,22.0,21.0,23.0,3.0,101893.0,91.8,9.0,9.3,10336.5,9.3,-,
Trial006,P40,DarkGoldenrod,rl.avi,head,,Local,11,29274,1.4,0,111173,39.9,3,19944.5,16546.9,17068.7,17531.6,488.0,12.0,11.0,15.0,3.0,101893.0,91.7,17.9,14.9,16410.9,14.8,-,
Trial005,P34,Coral,rl.avi,torso,,Local,12,21715,1.0,0,111174,576.0,22,20066.1,15594.2,17270.2,18827.7,303.9,30.0,29.0,35.0,3.0,101893.0,91.7,18.0,14.0,15271.0,13.7,-,
Trial005,P35,CornflowerBlue,rl.avi,torso,,Local,12,21715,1.0,0,111212,470.0,19,20192.5,20530.1,22291.9,23666.4,275.9,30.0,29.0,30.0,3.0,101893.0,91.6,18.2,18.5,20494.2,18.4,-,
Trial006,P36,Crimson,rl.avi,torso,,Local,12,21715,1.0,0,111146,87.6,6,19852.4,17821.9,18803.5,19651.4,264.0,27.0,26.0,43.0,3.0,101893.0,91.7,17.9,16.0,17555.1,15.8,-,
Trial005,P37,Cyan,rl.avi,torso,,Local,12,21715,1.0,0,111115,272.1,10,19517.2,17797.5,19033.9,20194.0,224.0,19.0,18.0,20.0,3.0,101893.0,91.7,17.6,16.0,17649.1,15.9,-,
Trial006,P38,DarkBlue,rl.avi,torso,,Local,12,21715,1.0,0,110970,224.0,8,14939.2,16277.3,17262.7,18173.9,279.8,25.0,24.0,29.0,3.0,101893.0,91.8,13.5,14.7,16109.9,14.5,-,
Trial005,P39,DarkCyan,rl.avi,torso,,Local,12,21715,1.0,0,111010,256.5,9,30055.2,25430.1,27745.9,30235.8,215.9,56.0,55.0,68.0,3.0,101893.0,91.8,27.1,22.9,24982.8,22.5,-,
Trial006,P40,DarkGoldenrod,rl.avi,torso,,Local,12,21715,1.0,0,111173,39.9,4,39042.9,45190.1,46148.9,47242.7,488.0,27.0,26.0,33.0,3.0,101893.0,91.7,35.1,40.6,45026.3,40.5,-,
Trial006,P34,Coral,hl.avi,speaker 2,,Local,1,37128,1.8,0,68370,32503.8,103,303.9,255.9,308.0,360.1,255.9,1.0,0.0,1.0,1.0,13786.0,20.2,0.4,0.4,255.9,0.4,-,
Trial006,P35,CornflowerBlue,hl.avi,speaker 2,,Local,1,37128,1.8,0,68401,-,-,0.0,0.0,0.0,0.0,0.0,0.0,-,0.0,1.0,13786.0,20.2,0.0,0.0,0.0,0.0,-,
Trial007,P36,Crimson,hl.avi,speaker 2,,Local,1,37128,1.8,0,68250,21769.6,84,309.1,271.9,303.9,351.9,271.9,1.0,0.0,1.0,1.0,13786.0,20.2,0.5,0.4,271.9,0.4,-,
Trial006,P37,Cyan,hl.avi,speaker 2,,Local,1,37128,1.8,0,68289,19773.3,78,232.0,199.6,243.9,296.6,199.6,1.0,0.0,1.0,1.0,13786.0,20.2,0.3,0.3,199.6,0.3,-,
Trial007,P38,DarkBlue,hl.avi,speaker 2,,Local,1,37128,1.8,0,68361,23232.3,86,343.9,311.9,367.9,415.8,311.9,1.0,0.0,1.0,1.0,13786.0,20.2,0.5,0.5,311.9,0.5,-,
Trial006,P39,DarkCyan,hl.avi,speaker 2,,Local,1,37128,1.8,0,68306,-,-,10.6,0.0,0.0,0.0,0.0,0.0,-,0.0,1.0,13786.0,20.2,0.0,0.0,0.0,0.0,-,
Trial007,P40,DarkGoldenrod,hl.avi,speaker 2,,Local,1,37128,1.8,0,68336,28903.6,96,275.9,215.9,300.0,380.0,215.9,1.0,0.0,1.0,1.0,13786.0,20.2,0.4,0.3,215.9,0.3,-,
Trial006,P34,Coral,hl.avi,speaker 1,,Local,2,39240,1.9,0,68370,20413.7,81,928.1,979.7,1115.8,1215.9,160.0,2.0,1.0,2.0,1.0,13786.0,20.2,1.4,1.4,979.7,1.4,-,
Trial006,P35,CornflowerBlue,hl.avi,speaker 1,,Local,2,39240,1.9,0,68401,-,-,105.8,0.0,0.0,0.0,0.0,0.0,-,0.0,1.0,13786.0,20.2,0.2,0.0,0.0,0.0,-,
Trial007,P36,Crimson,hl.avi,speaker 1,,Local,2,39240,1.9,0,68250,-,-,4.0,0.0,0.0,0.0,0.0,0.0,-,0.0,1.0,13786.0,20.2,0.0,0.0,0.0,0.0,-,
Trial006,P37,Cyan,hl.avi,speaker 1,,Local,2,39240,1.9,0,68289,27475.8,92,347.1,216.0,260.0,325.8,216.0,1.0,0.0,1.0,1.0,13786.0,20.2,0.5,0.3,216.0,0.3,-,
Trial007,P38,DarkBlue,hl.avi,speaker 1,,Local,2,39240,1.9,0,68361,24463.9,88,794.4,716.0,811.2,935.6,116.2,2.0,1.0,2.0,1.0,13786.0,20.2,1.2,1.0,716.0,1.0,-,
Trial006,P39,DarkCyan,hl.avi,speaker 1,,Local,2,39240,1.9,0,68306,-,-,19.8,0.0,0.0,0.0,0.0,0.0,-,0.0,1.0,13786.0,20.2,0.0,0.0,0.0,0.0,-,
Trial007,P40,DarkGoldenrod,hl.avi,speaker 1,,Local,2,39240,1.9,0,68336,24368.2,87,3050.8,2483.5,2595.4,2772.8,212.0,3.0,2.0,5.0,1.0,13786.0,20.2,4.5,3.6,2395.4,3.5,-,
Trial006,P34,Coral,hl.avi,brown toy,,Local,3,16048,0.8,0,68370,12930.8,66,1480.3,1244.0,1348.0,1439.9,991.9,2.0,1.0,2.0,1.0,16590.0,24.3,2.2,1.8,1244.0,1.8,-,
Trial006,P35,CornflowerBlue,hl.avi,brown toy,,Local,3,16048,0.8,0,68401,12170.5,65,1176.6,1296.3,1452.3,1515.7,1296.3,1.0,0.0,1.0,1.0,16590.0,24.3,1.7,1.9,1296.3,1.9,-,
Trial007,P36,Crimson,hl.avi,brown toy,,Local,3,16048,0.8,0,68250,-,-,0.0,0.0,0.0,0.0,0.0,0.0,-,0.0,1.0,16590.0,24.3,0.0,0.0,0.0,0.0,-,
Trial006,P37,Cyan,hl.avi,brown toy,,Local,3,16048,0.8,0,68289,3775.6,33,2093.1,2634.6,2766.6,3006.5,314.1,4.0,3.0,4.0,1.0,16590.0,24.3,3.1,3.9,2634.6,3.9,-,
Trial007,P38,DarkBlue,hl.avi,brown toy,,Local,3,16048,0.8,0,68361,3531.5,31,3599.2,3640.5,3912.6,4226.8,123.9,5.0,4.0,7.0,1.0,16590.0,24.3,5.3,5.3,3432.7,5.0,-,
Trial006,P39,DarkCyan,hl.avi,brown toy,,Local,3,16048,0.8,0,68306,5165.2,41,1950.2,1808.5,2067.2,2291.2,233.3,4.0,3.0,5.0,1.0,16590.0,24.3,2.9,2.6,1768.5,2.6,-,
Trial007,P40,DarkGoldenrod,hl.avi,brown toy,,Local,3,16048,0.8,0,68336,4599.6,36,2043.7,1771.3,1959.6,2108.0,915.9,3.0,2.0,3.0,1.0,16590.0,24.3,3.0,2.6,1771.3,2.6,-,
Trial006,P34,Coral,hl.avi,green toy,,Local,4,7876,0.4,0,68370,5588.1,44,142.3,255.9,255.9,303.9,255.9,1.0,0.0,1.0,1.0,16590.0,24.3,0.2,0.4,255.9,0.4,-,
Trial006,P35,CornflowerBlue,hl.avi,green toy,,Local,4,7876,0.4,0,68401,-,-,0.0,0.0,0.0,0.0,0.0,0.0,-,0.0,1.0,16590.0,24.3,0.0,0.0,0.0,0.0,-,
Trial007,P36,Crimson,hl.avi,green toy,,Local,4,7876,0.4,0,68250,-,-,0.0,0.0,0.0,0.0,0.0,0.0,-,0.0,1.0,16590.0,24.3,0.0,0.0,0.0,0.0,-,
Trial006,P37,Cyan,hl.avi,green toy,,Local,4,7876,0.4,0,68289,-,-,0.0,0.0,0.0,0.0,0.0,0.0,-,0.0,1.0,16590.0,24.3,0.0,0.0,0.0,0.0,-,
Trial007,P38,DarkBlue,hl.avi,green toy,,Local,4,7876,0.4,0,68361,-,-,0.0,0.0,0.0,0.0,0.0,0.0,-,0.0,1.0,16590.0,24.3,0.0,0.0,0.0,0.0,-,
Trial006,P39,DarkCyan,hl.avi,green toy,,Local,4,7876,0.4,0,68306,-,-,7.9,0.0,0.0,0.0,0.0,0.0,-,0.0,1.0,16590.0,24.3,0.0,0.0,0.0,0.0,-,
Trial007,P40,DarkGoldenrod,hl.avi,green toy,,Local,4,7876,0.4,0,68336,-,-,0.0,0.0,0.0,0.0,0.0,0.0,-,0.0,1.0,16590.0,24.3,0.0,0.0,0.0,0.0,-,
Trial006,P34,Coral,hl.avi,leg 1,,Local,5,22145,1.1,0,68370,19973.7,79,638.0,300.0,448.7,532.6,96.0,2.0,1.0,2.0,3.0,58916.0,86.2,0.9,0.4,300.0,0.4,-,
Trial006,P35,CornflowerBlue,hl.avi,leg 1,,Local,5,22145,1.1,0,68401,1196.2,24,706.3,404.0,724.0,844.0,136.0,2.0,1.0,2.0,3.0,58916.0,86.1,1.0,0.6,404.0,0.6,-,
Trial007,P36,Crimson,hl.avi,leg 1,,Local,5,22145,1.1,0,68250,14710.8,71,1591.6,1348.2,1491.3,1604.8,120.0,4.0,3.0,5.0,3.0,58916.0,86.3,2.3,2.0,1278.6,1.9,-,
Trial006,P37,Cyan,hl.avi,leg 1,,Local,5,22145,1.1,0,68289,7386.9,50,730.0,1200.8,1319.8,1451.6,192.0,3.0,2.0,4.0,3.0,58916.0,86.3,1.1,1.8,1174.9,1.7,-,
Trial007,P38,DarkBlue,hl.avi,leg 1,,Local,5,22145,1.1,0,68361,24632.1,89,2245.6,2760.7,2961.1,3362.3,116.2,7.0,6.0,7.0,3.0,58916.0,86.2,3.3,4.0,2760.7,4.0,-,
Trial006,P39,DarkCyan,hl.avi,leg 1,,Local,5,22145,1.1,0,68306,3226.9,29,1520.9,1339.9,1647.6,2012.2,251.9,6.0,5.0,6.0,3.0,58916.0,86.3,2.2,2.0,1339.9,2.0,-,
Trial007,P40,DarkGoldenrod,hl.avi,leg 1,,Local,5,22145,1.1,0,68336,26747.9,91,2447.3,2055.8,2204.0,2419.9,568.1,4.0,3.0,4.0,3.0,58916.0,86.2,3.6,3.0,2055.8,3.0,-,
Trial006,P34,Coral,hl.avi,leg 2,,Local,6,20144,1.0,0,68370,92.9,7,7126.7,5133.3,5414.2,5819.7,95.9,10.0,9.0,11.0,4.0,57715.0,84.4,10.4,7.5,5053.4,7.4,-,
Trial006,P35,CornflowerBlue,hl.avi,leg 2,,Local,6,20144,1.0,0,68401,7427.3,51,644.7,667.9,783.8,883.8,395.9,2.0,1.0,2.0,4.0,57715.0,84.4,0.9,1.0,667.9,1.0,-,
Trial007,P36,Crimson,hl.avi,leg 2,,Local,6,20144,1.0,0,68250,61595.6,130,655.9,143.7,200.1,253.9,143.7,1.0,0.0,1.0,4.0,57715.0,84.6,1.0,0.2,143.7,0.2,-,
Trial006,P37,Cyan,hl.avi,leg 2,,Local,6,20144,1.0,0,68289,10822.4,63,1196.5,300.0,531.8,575.8,300.0,1.0,0.0,1.0,4.0,57715.0,84.5,1.8,0.4,300.0,0.4,-,
Trial007,P38,DarkBlue,hl.avi,leg 2,,Local,6,20144,1.0,0,68361,10506.3,62,1978.3,1436.6,1712.6,2060.8,199.9,6.0,5.0,6.0,4.0,57715.0,84.4,2.9,2.1,1436.6,2.1,-,
Trial006,P39,DarkCyan,hl.avi,leg 2,,Local,6,20144,1.0,0,68306,29250.6,98,684.2,227.9,300.1,356.1,227.9,1.0,0.0,1.0,4.0,57715.0,84.5,1.0,0.3,227.9,0.3,-,
Trial007,P40,DarkGoldenrod,hl.avi,leg 2,,Local,6,20144,1.0,0,68336,43145.1,109,556.0,703.8,759.8,816.1,703.8,1.0,0.0,1.0,4.0,57715.0,84.5,0.8,1.0,703.8,1.0,-,
Trial006,P34,Coral,hl.avi,arm 1,,Local,7,4571,0.2,0,68370,-,-,15.2,0.0,0.0,0.0,0.0,0.0,-,0.0,3.0,58916.0,86.2,0.0,0.0,0.0,0.0,-,
Trial006,P35,CornflowerBlue,hl.avi,arm 1,,Local,7,4571,0.2,0,68401,57371.2,122,275.9,356.5,412.5,472.0,356.5,1.0,0.0,1.0,3.0,58916.0,86.1,0.4,0.5,356.5,0.5,-,
Trial007,P36,Crimson,hl.avi,arm 1,,Local,7,4571,0.2,0,68250,58383.8,125,143.5,80.0,120.0,181.6,80.0,1.0,0.0,1.0,3.0,58916.0,86.3,0.2,0.1,80.0,0.1,-,
Trial006,P37,Cyan,hl.avi,arm 1,,Local,7,4571,0.2,0,68289,57318.9,120,685.2,1523.9,1523.9,1555.8,1523.9,1.0,0.0,1.0,3.0,58916.0,86.3,1.0,2.2,1523.9,2.2,-,
Trial007,P38,DarkBlue,hl.avi,arm 1,,Local,7,4571,0.2,0,68361,58058.7,124,618.8,596.6,642.5,709.8,596.6,1.0,0.0,1.0,3.0,58916.0,86.2,0.9,0.9,596.6,0.9,-,
Trial006,P39,DarkCyan,hl.avi,arm 1,,Local,7,4571,0.2,0,68306,57666.6,123,887.8,779.2,779.2,779.2,779.2,1.0,0.0,1.0,3.0,58916.0,86.3,1.3,1.1,779.2,1.1,-,
Trial007,P40,DarkGoldenrod,hl.avi,arm 1,,Local,7,4571,0.2,0,68336,-,-,275.9,0.0,0.0,0.0,0.0,0.0,-,0.0,3.0,58916.0,86.2,0.4,0.0,0.0,0.0,-,
Trial006,P34,Coral,hl.avi,hand 1,,Local,8,5725,0.3,0,68370,36819.1,105,386.5,1059.7,1059.7,1131.6,175.9,2.0,1.0,2.0,3.0,58916.0,86.2,0.6,1.5,1059.7,1.5,-,
Trial006,P35,CornflowerBlue,hl.avi,hand 1,,Local,8,5725,0.3,0,68401,-,-,118.0,0.0,25.1,25.1,0.0,0.0,-,0.0,3.0,58916.0,86.1,0.2,0.0,0.0,0.0,-,
Trial007,P36,Crimson,hl.avi,hand 1,,Local,8,5725,0.3,0,68250,14478.9,70,991.6,192.0,263.8,303.8,192.0,1.0,0.0,1.0,3.0,58916.0,86.3,1.5,0.3,192.0,0.3,-,
Trial006,P37,Cyan,hl.avi,hand 1,,Local,8,5725,0.3,0,68289,20025.6,80,942.3,1047.4,1123.3,1211.0,83.6,2.0,1.0,3.0,3.0,58916.0,86.3,1.4,1.5,1011.2,1.5,-,
Trial007,P38,DarkBlue,hl.avi,hand 1,,Local,8,5725,0.3,0,68361,-,-,349.4,0.0,32.0,32.0,0.0,0.0,-,0.0,3.0,58916.0,86.2,0.5,0.0,0.0,0.0,-,
Trial006,P39,DarkCyan,hl.avi,hand 1,,Local,8,5725,0.3,0,68306,-,-,860.2,0.0,56.0,56.0,0.0,0.0,-,0.0,3.0,58916.0,86.3,1.3,0.0,0.0,0.0,-,
Trial007,P40,DarkGoldenrod,hl.avi,hand 1,,Local,8,5725,0.3,0,68336,14194.4,69,752.6,1138.2,1419.7,1667.6,127.6,4.0,3.0,4.0,3.0,58916.0,86.2,1.1,1.7,1138.2,1.7,-,
Trial006,P34,Coral,hl.avi,hand 2,,Local,9,5902,0.3,0,68370,10903.2,64,2850.5,3423.0,3801.1,4015.2,831.8,6.0,5.0,6.0,3.0,58916.0,86.2,4.2,5.0,3423.0,5.0,-,
Trial006,P35,CornflowerBlue,hl.avi,hand 2,,Local,9,5902,0.3,0,68401,54389.2,117,1402.4,1790.2,1927.6,1927.6,1790.2,1.0,0.0,1.0,3.0,58916.0,86.1,2.1,2.6,1790.2,2.6,-,
Trial007,P36,Crimson,hl.avi,hand 2,,Local,9,5902,0.3,0,68250,31040.3,101,2327.6,1531.7,1571.7,1671.7,263.8,3.0,2.0,3.0,3.0,58916.0,86.3,3.4,2.2,1531.7,2.2,-,
Trial006,P37,Cyan,hl.avi,hand 2,,Local,9,5902,0.3,0,68289,36918.3,106,1514.6,1983.2,2231.9,2335.8,88.0,4.0,3.0,4.0,3.0,58916.0,86.3,2.2,2.9,1951.1,2.9,-,
Trial007,P38,DarkBlue,hl.avi,hand 2,,Local,9,5902,0.3,0,68361,56827.7,119,540.7,95.2,323.7,447.7,95.2,1.0,0.0,1.0,3.0,58916.0,86.2,0.8,0.1,95.2,0.1,-,
Trial006,P39,DarkCyan,hl.avi,hand 2,,Local,9,5902,0.3,0,68306,33285.9,104,863.3,1971.7,2075.5,2207.5,112.0,2.0,1.0,2.0,3.0,58916.0,86.3,1.3,2.9,1971.7,2.9,-,
Trial007,P40,DarkGoldenrod,hl.avi,hand 2,,Local,9,5902,0.3,0,68336,-,-,173.4,0.0,0.0,0.0,0.0,0.0,-,0.0,3.0,58916.0,86.2,0.3,0.0,0.0,0.0,-,
Trial006,P34,Coral,hl.avi,arm 2,,Local,10,4861,0.2,0,68370,8603.6,55,12187.7,15135.3,15577.3,16015.4,432.0,15.0,14.0,16.0,3.0,58916.0,86.2,17.8,22.1,15016.2,22.0,-,
Trial006,P35,CornflowerBlue,hl.avi,arm 2,,Local,10,4861,0.2,0,68401,20469.2,82,1515.8,753.6,845.6,1069.5,91.9,4.0,3.0,4.0,3.0,58916.0,86.1,2.2,1.1,753.6,1.1,-,
Trial007,P36,Crimson,hl.avi,arm 2,,Local,10,4861,0.2,0,68250,13187.0,67,1716.8,810.7,1007.9,1007.9,303.9,2.0,1.0,2.0,3.0,58916.0,86.3,2.5,1.2,761.6,1.1,-,
Trial006,P37,Cyan,hl.avi,arm 2,,Local,10,4861,0.2,0,68289,-,-,1177.7,0.0,0.0,0.0,0.0,0.0,-,0.0,3.0,58916.0,86.3,1.7,0.0,0.0,0.0,-,
Trial007,P38,DarkBlue,hl.avi,arm 2,,Local,10,4861,0.2,0,68361,2151.6,27,2348.6,1536.0,2085.0,2223.7,100.0,4.0,3.0,6.0,3.0,58916.0,86.2,3.4,2.2,1416.3,2.1,-,
Trial006,P39,DarkCyan,hl.avi,arm 2,,Local,10,4861,0.2,0,68306,295.3,13,430.2,403.8,403.8,483.8,52.0,2.0,1.0,2.0,3.0,58916.0,86.3,0.6,0.6,403.8,0.6,-,
Trial007,P40,DarkGoldenrod,hl.avi,arm 2,,Local,10,4861,0.2,0,68336,-,-,106.1,0.0,0.0,0.0,0.0,0.0,-,0.0,3.0,58916.0,86.2,0.2,0.0,0.0,0.0,-,
Trial006,P34,Coral,hl.avi,torso,,Local,11,13318,0.6,0,68370,9688.3,60,3562.6,3145.8,3469.0,3624.9,107.0,4.0,3.0,5.0,3.0,58916.0,86.2,5.2,4.6,3117.4,4.6,-,
Trial006,P35,CornflowerBlue,hl.avi,torso,,Local,11,13318,0.6,0,68401,7119.3,49,4964.9,3828.2,4279.7,4712.9,271.9,10.0,9.0,10.0,3.0,58916.0,86.1,7.3,5.6,3728.2,5.5,-,
Trial007,P36,Crimson,hl.avi,torso,,Local,11,13318,0.6,0,68250,2472.7,28,7458.5,5387.5,5710.9,5888.0,116.0,7.0,6.0,9.0,3.0,58916.0,86.3,10.9,7.9,5329.4,7.8,-,
Trial006,P37,Cyan,hl.avi,torso,,Local,11,13318,0.6,0,68289,292.1,12,4364.9,1210.8,1567.7,1755.0,92.0,6.0,5.0,6.0,3.0,58916.0,86.3,6.4,1.8,1178.8,1.7,-,
Trial007,P38,DarkBlue,hl.avi,torso,,Local,11,13318,0.6,0,68361,347.9,15,14172.8,13438.1,14840.4,15907.6,607.8,21.0,20.0,27.0,3.0,58916.0,86.2,20.7,19.7,13110.5,19.2,-,
Trial006,P39,DarkCyan,hl.avi,torso,,Local,11,13318,0.6,0,68306,1663.0,25,17197.8,14780.9,15604.1,16319.8,447.9,19.0,18.0,24.0,3.0,58916.0,86.3,25.2,21.6,14460.4,21.2,-,
Trial007,P40,DarkGoldenrod,hl.avi,torso,,Local,11,13318,0.6,0,68336,364.3,17,32716.8,32153.9,33188.8,34426.8,1563.7,26.0,25.0,36.0,3.0,58916.0,86.2,47.9,47.1,31725.7,46.4,-,
Trial006,P34,Coral,hl.avi,head,,Local,12,9858,0.5,0,68370,14150.7,68,1543.5,1567.7,1567.7,1663.7,1319.7,2.0,1.0,2.0,3.0,58916.0,86.2,2.3,2.3,1567.7,2.3,-,
Trial006,P35,CornflowerBlue,hl.avi,head,,Local,12,9858,0.5,0,68401,8335.2,54,18816.7,21481.3,22129.1,22857.0,179.9,17.0,16.0,17.0,3.0,58916.0,86.1,27.5,31.4,21431.9,31.3,-,
Trial007,P36,Crimson,hl.avi,head,,Local,12,9858,0.5,0,68250,357.2,16,20648.3,28089.1,28382.0,28890.6,255.8,14.0,13.0,16.0,3.0,58916.0,86.3,30.3,41.2,28064.9,41.1,-,
Trial006,P37,Cyan,hl.avi,head,,Local,12,9858,0.5,0,68289,2139.8,26,22407.6,23765.9,24247.7,25079.5,1579.8,12.0,11.0,12.0,3.0,58916.0,86.3,32.8,34.8,23765.9,34.8,-,
Trial007,P38,DarkBlue,hl.avi,head,,Local,12,9858,0.5,0,68361,23044.4,85,7124.9,5546.1,6242.2,6526.3,131.9,6.0,5.0,6.0,3.0,58916.0,86.2,10.4,8.1,5518.1,8.1,-,
Trial006,P39,DarkCyan,hl.avi,head,,Local,12,9858,0.5,0,68306,523.2,20,9938.7,7884.2,8194.7,8712.8,264.0,9.0,8.0,9.0,3.0,58916.0,86.3,14.6,11.5,7825.0,11.5,-,
Trial007,P40,DarkGoldenrod,hl.avi,head,,Local,12,9858,0.5,0,68336,-,-,1556.1,0.0,31.8,31.8,0.0,0.0,-,0.0,3.0,58916.0,86.2,2.3,0.0,0.0,0.0,-,
